Zone_ID,Village,Region,Population,Pipes_Length_KM,OHT_Capacity_Liters
Z0017,Village_1,West,1360,9.59,139879
Z0050,Village_2,East,4272,19.92,26265
Z0060,Village_3,East,966,7.5,107498
Z0076,Village_4,North,3944,20.03,36023
Z0003,Village_5,South,630,5.51,20769
Z0109,Village_6,South,2891,25.81,141637
Z0001,Village_7,South,2933,9.55,124724
Z0011,Village_8,South,1684,12.61,48693
Z0108,Village_9,North,3404,12.28,45658
Z0043,Village_10,South,3058,8.49,22747
Z0026,Village_11,West,1475,10.82,149981
Z0093,Village_12,North,3234,20.46,87435
Z0024,Village_13,North,1767,19.81,31394
Z0011,Village_14,East,4056,20.19,116276
Z0019,Village_15,South,3388,6.63,30627
Z0088,Village_16,West,1100,29.14,93969
Z0077,Village_17,East,2541,12.62,88148
Z0026,Village_18,West,1863,11.03,43483
Z0040,Village_19,North,1978,20.25,37159
Z0107,Village_20,West,4514,9.33,55920
Z0026,Village_21,West,2455,9.56,109475
Z0008,Village_22,East,3573,15.63,129109
Z0009,Village_23,West,4343,9.62,65758
Z0111,Village_24,North,661,14.88,119299
Z0003,Village_25,West,3842,7.21,146678
Z0011,Village_26,North,1775,6.13,75591
Z0103,Village_27,North,837,18.49,106807
Z0019,Village_28,South,4493,29.13,59099
Z0061,Village_29,North,879,11.9,58044
Z0028,Village_30,North,2562,9.13,68984
Z0029,Village_31,East,3068,24.31,87563
Z0001,Village_32,North,3195,5.14,25258
Z0037,Village_33,North,891,23.23,149312
Z0001,Village_34,North,4974,6.85,46854
Z0074,Village_35,North,3599,26.58,50535
Z0088,Village_36,East,3604,6.59,55222
Z0051,Village_37,North,4145,13.13,116354
Z0017,Village_38,East,3231,20.94,44538
Z0098,Village_39,West,2070,16.81,133252
Z0073,Village_40,West,3190,24.02,142073
Z0083,Village_41,East,1002,24.27,110982
Z0053,Village_42,West,4988,22.77,107897
Z0104,Village_43,North,1984,10.04,70015
Z0045,Village_44,East,3290,16.88,74268
Z0053,Village_45,East,4691,22.39,100356
Z0111,Village_46,East,2178,23.89,53827
Z0105,Village_47,North,2222,22.37,42299
Z0089,Village_48,West,3125,20.61,62557
Z0069,Village_49,East,3560,26.79,115259
Z0002,Village_50,North,4127,15.41,62941
Z0083,Village_51,North,2163,25.19,35707
Z0046,Village_52,West,3802,27.67,50080
Z0034,Village_53,West,1806,15.68,112787
Z0002,Village_54,North,1782,5.17,41959
Z0025,Village_55,North,4913,10.55,118098
Z0098,Village_56,East,1163,28.57,113557
Z0100,Village_57,East,4243,17.97,88840
Z0091,Village_58,North,4263,14.09,66576
Z0108,Village_59,West,1791,11.29,129953
Z0043,Village_60,South,2136,12.12,113264
Z0006,Village_61,South,1198,20.24,123041
Z0051,Village_62,East,1354,11.97,27392
Z0051,Village_63,East,3974,22.02,107092
Z0043,Village_64,West,2207,16.19,46309
Z0077,Village_65,South,4010,24.04,138906
Z0025,Village_66,East,4996,23.21,87863
Z0062,Village_67,East,3431,29.59,109045
Z0092,Village_68,East,2430,25.41,42671
Z0059,Village_69,West,1108,8.77,106202
Z0002,Village_70,North,3897,22.4,111906
Z0110,Village_71,South,1159,13.15,132547
Z0068,Village_72,East,1869,17.8,126642
Z0101,Village_73,East,3719,21.13,103763
Z0018,Village_74,South,988,22.27,91295
Z0101,Village_75,East,2885,25.94,21802
Z0070,Village_76,West,4561,22.39,36646
Z0065,Village_77,North,1123,18.88,97371
Z0058,Village_78,East,2549,29.91,132893
Z0067,Village_79,West,4223,18.96,49855
Z0048,Village_80,South,4590,9.72,27400
Z0031,Village_81,East,3670,22.51,71407
Z0011,Village_82,South,1654,26.41,140885
Z0091,Village_83,North,3691,27.19,49299
Z0074,Village_84,North,2148,9.04,127941
Z0086,Village_85,North,4699,20.16,68354
Z0017,Village_86,West,3683,7.54,102018
Z0070,Village_87,North,2700,5.13,66975
Z0052,Village_88,South,4933,17.14,146114
Z0058,Village_89,West,4291,29.86,114179
Z0060,Village_90,South,660,5.45,139181
Z0030,Village_91,North,1800,9.47,78871
Z0073,Village_92,North,1718,21.44,64064
Z0065,Village_93,West,3235,7.34,60818
Z0018,Village_94,South,3946,11.26,136381
Z0080,Village_95,South,3936,17.17,25895
Z0086,Village_96,West,3854,15.86,68404
Z0084,Village_97,South,1459,26.6,113179
Z0008,Village_98,West,1315,12.02,122946
Z0032,Village_99,North,3620,6.09,76491
Z0107,Village_100,North,1743,16.75,102989
Z0109,Village_101,South,3944,27.09,52635
Z0037,Village_102,East,1560,28.21,116752
Z0091,Village_103,East,801,29.17,137858
Z0105,Village_104,West,1199,26.33,85726
Z0078,Village_105,North,2800,14.63,26102
Z0005,Village_106,North,1684,12.92,143007
Z0065,Village_107,East,2565,18.92,140542
Z0076,Village_108,South,1069,28.25,71885
Z0045,Village_109,East,4363,10.22,24014
Z0007,Village_110,South,3401,13.97,76958
Z0008,Village_111,North,654,12.38,65017
Z0003,Village_112,South,1284,26.22,125864
Z0012,Village_113,West,4841,13.99,74748
Z0021,Village_114,North,3306,15.49,70993
Z0030,Village_115,South,2955,27.83,107545
Z0052,Village_116,East,3450,17.54,90316
Z0039,Village_117,East,4615,21.25,26655
Z0025,Village_118,South,4995,6.27,107922
Z0046,Village_119,East,1666,14.39,98657
Z0018,Village_120,South,3274,21.8,138834
Z0054,Village_121,East,4236,8.88,146141
Z0105,Village_122,North,1648,25.97,116825
Z0009,Village_123,South,2215,5.97,73006
Z0047,Village_124,East,2991,13.17,100135
Z0061,Village_125,East,3624,11.79,68747
Z0002,Village_126,South,504,16.43,74021
Z0043,Village_127,East,1376,9.86,52093
Z0101,Village_128,South,4642,22.49,92615
Z0016,Village_129,North,4864,29.24,131721
Z0028,Village_130,East,2193,6.03,93847
Z0014,Village_131,East,1330,15.84,123481
Z0004,Village_132,North,1869,5.63,28308
Z0089,Village_133,South,3338,15.71,120235
Z0083,Village_134,North,1512,6.45,114841
Z0015,Village_135,South,1012,16.06,66175
Z0047,Village_136,North,1059,9.57,76556
Z0108,Village_137,West,3843,17.92,49375
Z0051,Village_138,North,1970,15.89,141692
Z0106,Village_139,North,2794,6.19,138937
Z0098,Village_140,North,2179,8.97,92789
Z0030,Village_141,West,3244,13.55,29435
Z0005,Village_142,North,3618,6.02,115981
Z0047,Village_143,South,3559,9.38,63919
Z0006,Village_144,North,2765,24.08,141172
Z0056,Village_145,North,2135,9.33,79101
Z0102,Village_146,West,4952,14.96,43049
Z0106,Village_147,South,3349,11.52,85417
Z0059,Village_148,South,4230,17.58,80160
Z0103,Village_149,West,1515,21.47,24611
Z0110,Village_150,South,3587,6.76,124182
Z0043,Village_151,South,1395,20.91,86387
Z0006,Village_152,West,2187,21.93,31938
Z0017,Village_153,North,2927,8.21,90588
Z0107,Village_154,East,3238,25.52,123691
Z0013,Village_155,West,4413,10.17,40764
Z0010,Village_156,East,2944,10.36,23373
Z0037,Village_157,North,4469,5.97,143633
Z0104,Village_158,South,2582,13.41,114297
Z0058,Village_159,East,1275,14.63,35305
Z0102,Village_160,East,2125,13.52,77458
Z0037,Village_161,East,1116,17.4,102745
Z0051,Village_162,South,2016,28.42,27543
Z0062,Village_163,West,1228,25.09,112920
Z0026,Village_164,North,1175,9.44,38888
Z0029,Village_165,West,3467,25.17,134352
Z0102,Village_166,West,1622,15.32,57841
Z0006,Village_167,North,2643,13.52,27357
Z0094,Village_168,East,4632,10.96,40150
Z0104,Village_169,West,2826,23.86,41352
Z0019,Village_170,North,4452,17.63,66959
Z0069,Village_171,West,1228,13.0,86234
Z0050,Village_172,West,895,28.96,44466
Z0008,Village_173,East,4671,13.87,79163
Z0010,Village_174,West,1217,21.92,52307
Z0051,Village_175,East,4077,20.8,106900
Z0044,Village_176,North,3640,12.33,109112
Z0070,Village_177,West,3438,10.32,138324
Z0054,Village_178,South,3722,24.53,21062
Z0084,Village_179,East,2656,28.27,41689
Z0058,Village_180,West,3482,29.9,123033
Z0031,Village_181,West,1656,23.43,94460
Z0013,Village_182,East,4830,22.65,123150
Z0066,Village_183,North,1453,20.46,97052
Z0069,Village_184,East,3801,7.1,66732
Z0051,Village_185,East,1691,6.82,113105
Z0031,Village_186,North,3181,8.67,108092
Z0059,Village_187,West,3736,10.83,48295
Z0086,Village_188,West,1888,14.27,126995
Z0051,Village_189,North,2180,28.68,57080
Z0069,Village_190,East,1824,23.83,55909
Z0058,Village_191,West,3986,17.04,137611
Z0045,Village_192,South,2714,15.61,75129
Z0062,Village_193,West,4102,7.78,64482
Z0097,Village_194,North,4768,5.28,29435
Z0086,Village_195,East,4209,6.41,75771
Z0087,Village_196,North,955,7.94,62344
Z0111,Village_197,North,2458,23.65,128492
Z0071,Village_198,North,4785,15.01,119835
Z0107,Village_199,North,3940,7.07,102848
Z0061,Village_200,East,633,25.05,131276
Z0112,Village_201,South,2352,13.07,40559
Z0038,Village_202,West,3433,28.12,96539
Z0092,Village_203,North,1750,22.39,130008
Z0085,Village_204,West,1756,10.42,148142
Z0035,Village_205,West,3986,29.9,130133
Z0097,Village_206,North,3830,27.53,44504
Z0090,Village_207,East,1853,28.76,41447
Z0091,Village_208,South,857,16.39,86203
Z0060,Village_209,East,4968,11.93,66427
Z0059,Village_210,East,4685,14.71,125787
Z0063,Village_211,South,1039,6.94,147016
Z0095,Village_212,West,4275,16.33,141790
Z0077,Village_213,South,3008,22.12,102844
Z0027,Village_214,South,3456,27.77,138012
Z0030,Village_215,East,4985,28.74,69407
Z0005,Village_216,West,2338,27.98,85545
Z0053,Village_217,South,3371,26.92,76570
Z0101,Village_218,East,1515,14.41,47712
Z0095,Village_219,North,2693,29.68,132816
Z0092,Village_220,North,4658,14.82,26970
Z0023,Village_221,East,4500,16.72,125570
Z0022,Village_222,South,1010,11.84,60943
Z0060,Village_223,South,2500,18.36,29860
Z0071,Village_224,North,1960,19.63,89172
Z0104,Village_225,East,3224,23.93,73330
Z0046,Village_226,West,2548,28.85,37100
Z0025,Village_227,South,2323,6.17,132734
Z0012,Village_228,South,2074,21.79,78017
Z0112,Village_229,West,2665,25.78,52049
Z0047,Village_230,South,4863,25.41,93963
Z0023,Village_231,East,888,7.21,57626
Z0070,Village_232,North,2348,19.75,39198
Z0050,Village_233,East,3874,15.51,21252
Z0038,Village_234,West,4481,22.6,73682
Z0086,Village_235,West,2650,8.41,98587
Z0108,Village_236,East,1829,19.75,26941
Z0043,Village_237,South,1858,15.94,81886
Z0027,Village_238,South,2517,13.71,73413
Z0051,Village_239,South,1858,14.91,90390
Z0011,Village_240,West,3677,26.56,136868
Z0108,Village_241,South,637,28.16,107369
Z0039,Village_242,West,3332,11.46,145911
Z0074,Village_243,South,4664,29.5,34388
Z0054,Village_244,East,4800,10.23,147018
Z0096,Village_245,North,4323,13.54,26254
Z0036,Village_246,South,1260,16.5,100719
Z0006,Village_247,North,3945,22.44,78243
Z0003,Village_248,West,4955,22.41,61240
Z0058,Village_249,North,3766,26.86,53434
Z0054,Village_250,East,4688,29.33,48732
Z0100,Village_251,South,3622,6.02,107044
Z0102,Village_252,North,4400,5.8,59749
Z0080,Village_253,North,1023,10.16,71745
Z0067,Village_254,North,2468,17.59,132428
Z0053,Village_255,West,2796,17.03,63221
Z0051,Village_256,North,2786,17.79,130698
Z0045,Village_257,East,3378,14.43,24432
Z0041,Village_258,South,2555,23.71,70428
Z0035,Village_259,South,3266,18.41,20055
Z0024,Village_260,West,1025,20.46,93686
Z0081,Village_261,North,2625,16.56,36748
Z0082,Village_262,South,2146,26.11,75658
Z0068,Village_263,East,2031,7.68,125977
Z0043,Village_264,East,2406,11.06,93688
Z0036,Village_265,North,2575,5.5,136664
Z0031,Village_266,East,1796,10.29,76793
Z0079,Village_267,North,625,7.99,124592
Z0039,Village_268,North,4096,19.84,128099
Z0046,Village_269,East,566,21.22,144049
Z0092,Village_270,South,2658,19.6,46069
Z0056,Village_271,North,4507,15.79,92274
Z0016,Village_272,North,2972,13.44,104659
Z0067,Village_273,East,2261,11.11,96090
Z0056,Village_274,West,1376,13.26,48024
Z0085,Village_275,West,1812,5.19,112436
Z0028,Village_276,South,2233,14.13,92303
Z0103,Village_277,South,3063,26.27,138205
Z0043,Village_278,South,2897,9.33,47446
Z0046,Village_279,East,1660,7.01,44818
Z0104,Village_280,East,3090,15.26,96323
Z0066,Village_281,South,1419,7.8,142177
Z0018,Village_282,East,967,29.24,142883
Z0044,Village_283,South,1145,29.38,132221
Z0105,Village_284,West,3051,23.07,149597
Z0045,Village_285,West,4789,18.92,99239
Z0088,Village_286,South,1641,22.77,78067
Z0033,Village_287,East,724,23.41,124587
Z0066,Village_288,North,2548,20.27,130911
Z0015,Village_289,South,2073,19.53,40618
Z0036,Village_290,North,2526,19.85,143781
Z0012,Village_291,West,2539,8.36,107958
Z0071,Village_292,West,2173,29.75,136748
Z0112,Village_293,South,4213,7.2,21342
Z0010,Village_294,North,2876,24.01,136682
Z0078,Village_295,West,3458,16.79,46614
Z0041,Village_296,West,3990,13.72,126288
Z0110,Village_297,East,2104,25.77,20235
Z0102,Village_298,North,2469,8.11,28567
Z0071,Village_299,West,4030,28.46,104555
Z0040,Village_300,East,2070,28.16,56159
Z0045,Village_301,West,3465,6.2,107388
Z0035,Village_302,North,4350,24.88,141101
Z0045,Village_303,East,1814,9.11,149028
Z0086,Village_304,East,3398,21.63,125881
Z0079,Village_305,North,3121,13.97,34060
Z0085,Village_306,East,1565,14.81,63303
Z0080,Village_307,West,2363,15.98,113709
Z0085,Village_308,South,4262,20.6,91520
Z0108,Village_309,South,2690,19.44,87728
Z0028,Village_310,North,1748,14.79,138721
Z0020,Village_311,East,2497,6.67,112263
Z0088,Village_312,West,4518,18.57,61157
Z0108,Village_313,South,3126,20.69,44519
Z0053,Village_314,South,2535,23.54,20922
Z0024,Village_315,West,919,29.94,117720
Z0110,Village_316,West,1620,22.67,52154
Z0091,Village_317,East,1450,8.58,87779
Z0056,Village_318,South,3145,22.85,122916
Z0015,Village_319,East,2365,13.55,145733
Z0064,Village_320,East,3728,18.5,146108
Z0043,Village_321,West,2871,23.06,40609
Z0105,Village_322,East,594,19.96,95683
Z0046,Village_323,West,1293,11.29,120420
Z0085,Village_324,South,4606,28.98,129415
Z0090,Village_325,West,3097,10.68,75318
Z0058,Village_326,North,1314,12.2,110474
Z0009,Village_327,West,2943,27.8,93319
Z0053,Village_328,East,3505,7.52,35328
Z0099,Village_329,North,2139,26.8,105451
Z0004,Village_330,South,4951,27.97,84644
Z0002,Village_331,South,3435,5.58,20126
Z0058,Village_332,East,3677,24.28,85310
Z0013,Village_333,North,3949,6.72,106066
Z0064,Village_334,North,4033,28.36,23797
Z0089,Village_335,North,2292,7.83,56244
Z0018,Village_336,North,3917,25.97,144085
Z0075,Village_337,West,3530,28.02,120158
Z0074,Village_338,East,4521,17.97,139719
Z0062,Village_339,North,3208,14.48,95060
Z0082,Village_340,East,701,25.07,122516
Z0042,Village_341,North,1074,15.36,119929
Z0048,Village_342,East,2622,28.07,28070
Z0032,Village_343,North,3781,17.02,141178
Z0046,Village_344,East,4100,19.68,61914
Z0004,Village_345,North,1705,9.41,87526
Z0038,Village_346,East,4072,27.87,141008
Z0102,Village_347,South,4880,19.51,24757
Z0021,Village_348,South,3213,5.33,123892
Z0102,Village_349,West,3620,9.45,66163
Z0013,Village_350,North,3932,8.72,72853
Z0084,Village_351,East,841,7.13,95452
Z0032,Village_352,North,4922,19.88,146092
Z0058,Village_353,East,1489,23.75,44442
Z0102,Village_354,West,1451,27.45,22079
Z0057,Village_355,South,3217,9.77,106444
Z0093,Village_356,South,2000,16.8,113607
Z0051,Village_357,East,2565,12.35,58258
Z0006,Village_358,North,3557,18.11,139771
Z0064,Village_359,North,2661,17.43,45522
Z0090,Village_360,South,3835,26.54,60806
Z0086,Village_361,North,1981,27.44,140993
Z0090,Village_362,North,3951,25.02,101974
Z0033,Village_363,South,2323,22.9,101244
Z0075,Village_364,West,3579,5.68,96534
Z0020,Village_365,East,2990,17.64,94055
Z0078,Village_366,South,3810,19.24,59986
Z0030,Village_367,North,4175,10.95,84929
Z0044,Village_368,North,2643,29.72,95039
Z0026,Village_369,West,3691,25.17,32175
Z0101,Village_370,West,664,8.53,106925
Z0020,Village_371,North,1322,27.41,26150
Z0063,Village_372,West,4925,7.14,22198
Z0036,Village_373,North,3656,5.66,56220
Z0022,Village_374,West,1414,19.58,51419
Z0024,Village_375,South,4677,27.32,149838
Z0103,Village_376,South,4094,11.49,119713
Z0080,Village_377,West,3690,11.7,34596
Z0063,Village_378,West,1304,15.24,83197
Z0046,Village_379,South,4077,24.09,49975
Z0106,Village_380,East,3261,19.14,87642
Z0079,Village_381,West,4723,9.55,48529
Z0014,Village_382,South,3686,17.81,98344
Z0069,Village_383,North,3099,22.47,119608
Z0008,Village_384,West,3930,10.45,37685
Z0092,Village_385,South,3041,29.61,126937
Z0033,Village_386,East,2576,9.29,146678
Z0103,Village_387,South,1304,5.46,117425
Z0022,Village_388,North,2675,7.94,58243
Z0037,Village_389,North,540,11.85,59952
Z0081,Village_390,East,2122,7.66,36725
Z0009,Village_391,South,4552,11.59,101182
Z0003,Village_392,South,1145,23.3,143489
Z0104,Village_393,North,954,19.33,31664
Z0004,Village_394,North,3469,15.11,49373
Z0053,Village_395,East,3181,15.55,106145
Z0006,Village_396,West,3567,28.97,81120
Z0053,Village_397,West,3366,7.26,107410
Z0112,Village_398,North,4624,14.73,140103
Z0082,Village_399,North,2558,13.89,111248
Z0004,Village_400,West,686,12.43,144130
Z0066,Village_401,West,1833,16.9,43150
Z0001,Village_402,North,3211,28.42,140900
Z0014,Village_403,North,2285,5.78,133811
Z0033,Village_404,South,2262,26.04,32112
Z0067,Village_405,South,4960,8.87,67304
Z0073,Village_406,South,653,16.86,120424
Z0029,Village_407,North,2843,23.2,54008
Z0096,Village_408,East,560,22.21,75337
Z0003,Village_409,North,4620,11.16,65186
Z0091,Village_410,East,4069,24.99,126667
Z0045,Village_411,South,1958,11.8,108929
Z0043,Village_412,West,2822,12.86,134618
Z0066,Village_413,West,4590,29.05,41520
Z0110,Village_414,East,829,22.26,148496
Z0040,Village_415,West,4607,18.55,110327
Z0052,Village_416,West,838,23.31,71860
Z0053,Village_417,East,3652,21.47,87957
Z0045,Village_418,North,1209,29.51,75761
Z0022,Village_419,West,4226,22.33,110600
Z0007,Village_420,North,546,6.1,49711
Z0001,Village_421,West,900,9.51,76276
Z0031,Village_422,West,3657,27.89,64813
Z0041,Village_423,North,4930,22.44,89768
Z0035,Village_424,West,3430,28.11,103441
Z0022,Village_425,North,1326,28.61,26737
Z0035,Village_426,West,3794,26.55,45510
Z0034,Village_427,East,3542,12.98,138249
Z0097,Village_428,East,1114,5.93,94910
Z0051,Village_429,South,3723,10.75,116443
Z0093,Village_430,North,630,22.41,22983
Z0084,Village_431,East,4778,15.11,60998
Z0008,Village_432,South,4459,18.49,74620
Z0094,Village_433,South,1420,23.45,133824
Z0076,Village_434,East,4611,15.67,94859
Z0107,Village_435,East,4021,5.61,72393
Z0013,Village_436,South,1045,5.53,49430
Z0052,Village_437,North,2304,18.22,68543
Z0004,Village_438,South,4310,6.75,127309
Z0109,Village_439,East,4624,24.18,81916
Z0111,Village_440,South,4913,17.0,32984
Z0105,Village_441,East,771,26.84,78606
Z0002,Village_442,North,2924,24.21,70072
Z0083,Village_443,East,3930,18.06,30816
Z0079,Village_444,North,4260,7.76,53933
Z0069,Village_445,North,875,12.18,75619
Z0050,Village_446,North,645,10.84,60600
Z0030,Village_447,West,931,5.45,110093
Z0025,Village_448,North,3132,7.74,142744
Z0010,Village_449,North,1463,10.46,63001
Z0014,Village_450,West,2328,24.66,127434
Z0025,Village_451,East,1306,26.98,148301
Z0102,Village_452,West,3915,16.69,54636
Z0018,Village_453,East,1384,25.77,54157
Z0040,Village_454,North,3901,6.17,135512
Z0020,Village_455,South,2765,5.92,129049
Z0101,Village_456,West,4345,25.02,93781
Z0062,Village_457,North,1226,27.09,96898
Z0020,Village_458,North,2413,18.13,62874
Z0002,Village_459,North,2966,23.96,46685
Z0083,Village_460,East,502,25.4,81413
Z0045,Village_461,East,1392,18.42,79720
Z0101,Village_462,East,2433,26.5,37674
Z0067,Village_463,South,2140,14.78,63642
Z0017,Village_464,South,1487,16.92,37602
Z0007,Village_465,North,1855,5.89,66542
Z0056,Village_466,South,4635,28.29,78762
Z0055,Village_467,West,1454,12.03,125595
Z0025,Village_468,South,1474,5.13,41754
Z0105,Village_469,North,4472,6.22,61873
Z0074,Village_470,West,536,10.5,23020
Z0080,Village_471,North,1295,6.9,65648
Z0011,Village_472,North,3611,27.07,135005
Z0110,Village_473,East,2896,27.66,148322
Z0060,Village_474,North,2091,21.55,91719
Z0106,Village_475,South,4430,26.61,119616
Z0015,Village_476,West,1785,18.03,137071
Z0107,Village_477,South,3739,11.13,116826
Z0086,Village_478,North,2204,13.35,71756
Z0096,Village_479,East,2216,22.0,106206
Z0109,Village_480,East,4238,23.82,42534
Z0080,Village_481,North,1056,26.8,69138
Z0109,Village_482,North,3219,13.38,56509
Z0102,Village_483,South,2074,9.02,38787
Z0024,Village_484,North,3829,25.8,112124
Z0097,Village_485,West,2047,5.16,107263
Z0023,Village_486,East,3617,13.16,148232
Z0016,Village_487,North,2564,7.9,92545
Z0038,Village_488,West,1507,7.67,67517
Z0078,Village_489,North,4026,18.53,62207
Z0073,Village_490,North,4402,14.8,120686
Z0070,Village_491,West,1745,23.84,102197
Z0053,Village_492,West,2387,24.27,27491
Z0096,Village_493,West,1540,24.27,83888
Z0045,Village_494,West,1385,13.65,40953
Z0076,Village_495,South,3691,6.14,87889
Z0029,Village_496,East,1186,29.22,97475
Z0107,Village_497,West,1262,8.25,120732
Z0044,Village_498,South,3007,5.61,143786
Z0093,Village_499,East,3604,13.09,132718
Z0084,Village_500,South,4499,24.26,49241
Z0085,Village_501,West,4109,8.97,33025
Z0104,Village_502,South,3856,28.61,109186
Z0098,Village_503,South,538,18.18,121148
Z0073,Village_504,North,2704,12.46,70975
Z0020,Village_505,South,3701,24.32,72307
Z0106,Village_506,East,3593,8.28,72930
Z0050,Village_507,East,3396,29.08,113623
Z0081,Village_508,North,1488,28.59,101871
Z0089,Village_509,North,4526,29.11,119986
Z0055,Village_510,North,4463,23.11,96961
Z0043,Village_511,South,2480,10.01,104976
Z0042,Village_512,West,1292,22.87,46385
Z0067,Village_513,North,2755,18.58,41563
Z0104,Village_514,West,1484,26.72,88916
Z0046,Village_515,South,1019,24.27,132301
Z0084,Village_516,South,4133,24.03,149410
Z0071,Village_517,East,4944,8.28,127188
Z0062,Village_518,South,4399,29.19,35251
Z0002,Village_519,East,1026,17.04,145133
Z0094,Village_520,West,3844,20.18,71027
Z0008,Village_521,East,2263,18.96,85455
Z0096,Village_522,North,1516,9.02,149749
Z0004,Village_523,East,616,19.76,102503
Z0087,Village_524,South,894,29.61,80112
Z0073,Village_525,South,4667,16.61,46589
Z0004,Village_526,West,4933,17.0,82046
Z0024,Village_527,South,665,12.29,41804
Z0083,Village_528,North,1228,26.5,40581
Z0025,Village_529,South,3996,5.99,52981
Z0110,Village_530,South,4262,7.62,63408
Z0100,Village_531,South,3436,19.27,134126
Z0016,Village_532,West,1091,17.06,116347
Z0091,Village_533,East,3220,18.99,42431
Z0054,Village_534,West,4837,13.16,69153
Z0007,Village_535,East,3348,27.06,103869
Z0098,Village_536,West,1417,13.05,101061
Z0058,Village_537,West,589,22.24,101905
Z0048,Village_538,East,4738,10.0,29078
Z0015,Village_539,East,927,7.61,91626
Z0021,Village_540,South,816,22.66,21925
Z0026,Village_541,South,2556,28.41,145150
Z0006,Village_542,South,1939,12.47,110827
Z0022,Village_543,East,4411,22.85,23389
Z0067,Village_544,North,1607,13.49,44826
Z0075,Village_545,South,2930,7.0,66163
Z0046,Village_546,West,707,18.69,47961
Z0016,Village_547,West,521,16.31,118818
Z0063,Village_548,North,4609,7.04,100885
Z0097,Village_549,South,2634,21.26,21560
Z0043,Village_550,North,1766,10.48,40022
Z0014,Village_551,West,1249,13.42,103847
Z0070,Village_552,West,4304,24.74,90326
Z0039,Village_553,South,2835,17.45,40049
Z0029,Village_554,West,2489,22.98,20661
Z0021,Village_555,West,811,29.37,134306
Z0017,Village_556,North,3471,9.99,114242
Z0024,Village_557,North,852,26.01,146768
Z0004,Village_558,East,658,15.4,120375
Z0079,Village_559,East,903,20.72,145659
Z0098,Village_560,West,1887,24.19,119259
Z0056,Village_561,South,2212,17.85,85128
Z0045,Village_562,South,1773,23.13,42015
Z0046,Village_563,North,4311,26.84,46017
Z0069,Village_564,South,3479,15.54,32201
Z0054,Village_565,North,1894,12.1,106652
Z0097,Village_566,West,4214,20.57,146503
Z0048,Village_567,West,3458,10.89,147769
Z0100,Village_568,South,4091,15.13,98301
Z0101,Village_569,South,3869,10.94,108397
Z0065,Village_570,East,501,9.52,84324
Z0086,Village_571,East,4505,17.31,55133
Z0026,Village_572,North,2025,26.77,119950
Z0013,Village_573,North,513,17.87,67064
Z0059,Village_574,West,3655,19.82,65893
Z0081,Village_575,East,3716,14.78,112152
Z0075,Village_576,North,527,11.45,144132
Z0100,Village_577,West,4856,13.13,41927
Z0001,Village_578,East,4523,14.92,141750
Z0016,Village_579,North,3874,10.87,72233
Z0078,Village_580,East,4278,16.05,96367
Z0078,Village_581,North,2493,16.22,96619
Z0109,Village_582,West,3932,15.77,133939
Z0107,Village_583,East,2860,9.18,91635
Z0020,Village_584,South,1807,5.92,75204
Z0056,Village_585,West,3234,21.6,112324
Z0082,Village_586,East,2852,26.1,46155
Z0066,Village_587,South,2703,26.61,38309
Z0051,Village_588,North,1119,18.5,54707
Z0044,Village_589,East,4453,29.67,86504
Z0087,Village_590,South,1816,28.42,47420
Z0087,Village_591,North,1558,16.3,48404
Z0036,Village_592,South,1508,19.62,45611
Z0027,Village_593,East,775,29.67,21239
Z0067,Village_594,West,625,28.8,109393
Z0021,Village_595,South,4368,26.7,140030
Z0089,Village_596,East,3749,13.57,99141
Z0034,Village_597,West,4423,8.14,124061
Z0055,Village_598,West,4903,22.62,63753
Z0102,Village_599,East,1391,21.84,30225
Z0039,Village_600,West,1864,7.35,128295
Z0024,Village_601,North,2018,9.43,146753
Z0067,Village_602,South,2974,22.08,75409
Z0049,Village_603,South,4549,20.45,56487
Z0026,Village_604,West,802,19.27,114795
Z0095,Village_605,South,1486,28.27,74061
Z0065,Village_606,East,3572,10.39,67055
Z0081,Village_607,South,3624,21.67,46984
Z0036,Village_608,South,4173,13.71,89569
Z0035,Village_609,South,1203,6.21,25704
Z0108,Village_610,East,3732,15.17,131279
Z0039,Village_611,West,3132,7.26,105150
Z0056,Village_612,South,988,7.73,146561
Z0049,Village_613,East,3673,13.18,111749
Z0095,Village_614,South,4614,25.2,93297
Z0094,Village_615,East,1500,12.93,37772
Z0063,Village_616,North,4212,8.01,127317
Z0047,Village_617,South,954,5.14,23726
Z0066,Village_618,East,3647,20.25,120494
Z0095,Village_619,South,1416,14.51,51324
Z0010,Village_620,North,1940,10.94,113680
Z0091,Village_621,North,3838,20.09,141805
Z0066,Village_622,North,3389,23.98,97576
Z0090,Village_623,West,1526,18.56,26471
Z0004,Village_624,East,3363,26.18,112059
Z0109,Village_625,East,1677,7.72,41636
Z0046,Village_626,South,4899,19.5,31563
Z0091,Village_627,West,3330,14.86,46966
Z0089,Village_628,West,3045,22.89,124874
Z0006,Village_629,South,1504,25.56,84106
Z0043,Village_630,East,1514,27.42,113300
Z0051,Village_631,East,1214,14.5,65379
Z0060,Village_632,East,640,13.79,66881
Z0069,Village_633,South,1463,11.42,113747
Z0100,Village_634,East,3041,12.68,92430
Z0012,Village_635,South,605,20.26,128177
Z0093,Village_636,East,4597,11.82,43171
Z0046,Village_637,North,2637,8.05,138218
Z0106,Village_638,West,1786,22.03,68713
Z0046,Village_639,East,4154,12.38,68368
Z0014,Village_640,North,944,11.41,44611
Z0038,Village_641,South,1975,7.18,79189
Z0061,Village_642,West,1908,14.34,62668
Z0074,Village_643,South,3438,5.06,85429
Z0052,Village_644,North,1800,27.11,114088
Z0025,Village_645,East,3597,10.3,101929
Z0006,Village_646,North,2925,14.02,51401
Z0050,Village_647,West,3131,24.25,135760
Z0020,Village_648,South,3725,11.39,140387
Z0052,Village_649,South,4645,23.3,56451
Z0031,Village_650,West,3773,25.24,123314
Z0022,Village_651,South,3540,15.6,147556
Z0084,Village_652,North,2084,23.42,37633
Z0095,Village_653,West,1130,18.38,61621
Z0102,Village_654,West,4003,12.81,112578
Z0089,Village_655,West,1487,10.15,111658
Z0004,Village_656,South,1149,11.42,135788
Z0100,Village_657,North,940,17.42,119073
Z0042,Village_658,South,1843,8.41,85108
Z0041,Village_659,South,4229,15.11,52117
Z0003,Village_660,North,4508,22.31,82438
Z0097,Village_661,South,3851,8.21,80946
Z0082,Village_662,North,1741,13.43,51007
Z0093,Village_663,South,1690,24.32,32323
Z0105,Village_664,North,4948,19.89,36456
Z0077,Village_665,South,2414,13.59,145926
Z0099,Village_666,South,1207,16.06,84315
Z0072,Village_667,West,4213,21.74,88011
Z0018,Village_668,North,4110,21.0,145703
Z0037,Village_669,West,2235,21.27,145941
Z0032,Village_670,North,2928,16.42,94069
Z0037,Village_671,South,3274,14.46,145541
Z0082,Village_672,South,1732,29.89,29686
Z0055,Village_673,East,4711,6.5,64843
Z0037,Village_674,South,4119,29.04,68604
Z0063,Village_675,West,2834,23.87,48982
Z0108,Village_676,South,707,15.24,108733
Z0030,Village_677,East,1132,25.55,88619
Z0098,Village_678,North,2431,29.53,30754
Z0061,Village_679,South,2179,14.56,92982
Z0051,Village_680,West,4943,29.35,49301
Z0023,Village_681,North,2040,23.43,82711
Z0112,Village_682,West,863,11.09,102205
Z0053,Village_683,North,648,7.32,141237
Z0020,Village_684,East,2266,26.62,135700
Z0063,Village_685,North,3331,17.67,29715
Z0012,Village_686,North,3285,6.58,36163
Z0022,Village_687,South,2101,14.52,55585
Z0109,Village_688,West,2996,12.64,58067
Z0054,Village_689,West,2225,16.18,56035
Z0050,Village_690,West,4906,9.04,110517
Z0089,Village_691,North,2690,29.8,84612
Z0086,Village_692,West,743,10.21,117518
Z0083,Village_693,West,1060,7.91,45169
Z0092,Village_694,West,2326,21.86,65033
Z0094,Village_695,East,633,8.53,51750
Z0044,Village_696,East,572,13.06,44226
Z0008,Village_697,North,4725,10.59,92909
Z0034,Village_698,South,4861,25.56,94520
Z0036,Village_699,North,4759,20.16,51552
Z0094,Village_700,West,1633,27.46,93965
Z0002,Village_701,East,3446,28.82,43429
Z0061,Village_702,West,1548,21.66,137217
Z0109,Village_703,North,3464,5.65,36920
Z0095,Village_704,West,4723,15.81,97452
Z0012,Village_705,South,1042,17.65,140465
Z0029,Village_706,North,3536,7.64,98213
Z0028,Village_707,East,3219,10.4,106269
Z0030,Village_708,North,3701,21.26,92146
Z0022,Village_709,South,2453,16.5,139425
Z0002,Village_710,South,4350,23.86,112062
Z0103,Village_711,West,956,15.76,64936
Z0025,Village_712,South,4744,8.03,114397
Z0005,Village_713,South,4065,7.53,117359
Z0066,Village_714,North,899,6.56,117539
Z0072,Village_715,South,2138,10.72,63108
Z0108,Village_716,East,1882,10.52,88828
Z0006,Village_717,East,1319,21.39,122821
Z0035,Village_718,South,3802,23.11,62468
Z0098,Village_719,South,1267,9.87,116774
Z0079,Village_720,West,2639,17.04,51174
Z0075,Village_721,West,2264,14.68,89252
Z0095,Village_722,North,4981,8.35,26548
Z0045,Village_723,West,2793,24.76,129204
Z0019,Village_724,North,1400,10.38,42740
Z0078,Village_725,South,2509,11.03,76532
Z0004,Village_726,West,2885,6.62,20671
Z0006,Village_727,West,663,14.29,73744
Z0083,Village_728,South,2942,16.36,137043
Z0012,Village_729,East,4778,8.73,30749
Z0045,Village_730,East,1045,13.12,113947
Z0034,Village_731,North,1093,16.9,34056
Z0074,Village_732,North,4304,14.86,39877
Z0068,Village_733,West,3101,24.63,128940
Z0026,Village_734,South,3172,28.88,52784
Z0005,Village_735,West,3691,12.89,124576
Z0081,Village_736,West,1071,6.91,62080
Z0027,Village_737,East,741,5.96,142811
Z0024,Village_738,East,2779,16.54,127210
Z0048,Village_739,West,3349,14.66,108789
Z0083,Village_740,North,2747,10.67,93616
Z0077,Village_741,East,4426,17.96,116722
Z0025,Village_742,South,2648,6.2,137959
Z0012,Village_743,North,4076,23.66,56224
Z0024,Village_744,East,4006,6.78,121015
Z0069,Village_745,East,3588,28.91,108340
Z0007,Village_746,West,4827,13.83,135053
Z0105,Village_747,South,2174,29.27,123634
Z0002,Village_748,South,3046,9.63,48138
Z0019,Village_749,South,2989,7.46,124797
Z0086,Village_750,North,2537,24.11,25439
Z0082,Village_751,East,2073,7.07,59279
Z0063,Village_752,North,3791,27.47,81063
Z0048,Village_753,West,4339,10.7,55144
Z0023,Village_754,South,3509,21.68,111074
Z0103,Village_755,East,4132,11.39,26979
Z0042,Village_756,East,2113,6.73,98040
Z0013,Village_757,North,877,16.96,26910
Z0071,Village_758,East,869,13.06,105667
Z0090,Village_759,South,1151,16.86,37153
Z0031,Village_760,West,2921,17.15,59071
Z0023,Village_761,North,4483,25.29,84379
Z0017,Village_762,South,1022,6.09,145200
Z0061,Village_763,West,1435,19.96,65000
Z0034,Village_764,North,4197,28.58,22461
Z0016,Village_765,East,3743,9.94,118989
Z0065,Village_766,South,2660,21.15,97794
Z0099,Village_767,East,2067,12.92,134726
Z0077,Village_768,South,3044,11.46,63950
Z0103,Village_769,South,2696,23.88,145588
Z0026,Village_770,East,801,23.21,102566
Z0039,Village_771,West,2259,9.44,77941
Z0077,Village_772,North,1161,29.62,63541
Z0004,Village_773,North,4368,23.2,33057
Z0032,Village_774,East,4808,23.15,44858
Z0054,Village_775,North,4178,17.21,66486
Z0090,Village_776,East,4683,13.56,128821
Z0013,Village_777,North,4254,23.95,86912
Z0075,Village_778,North,3243,20.3,38037
Z0002,Village_779,South,2566,8.79,49725
Z0035,Village_780,East,1804,24.03,49806
Z0025,Village_781,North,861,18.95,85095
Z0106,Village_782,South,1784,27.04,58787
Z0003,Village_783,East,2355,25.0,130058
Z0055,Village_784,South,3020,18.88,56735
Z0073,Village_785,South,1422,22.2,87695
Z0003,Village_786,South,3047,18.1,128777
Z0010,Village_787,East,3149,26.0,55851
Z0069,Village_788,North,2756,5.28,33944
Z0032,Village_789,West,3989,23.97,35379
Z0056,Village_790,West,3134,23.91,109822
Z0084,Village_791,North,4395,17.55,102617
Z0111,Village_792,West,2679,14.63,123555
Z0036,Village_793,North,1543,24.51,86549
Z0036,Village_794,North,726,8.45,93445
Z0044,Village_795,South,2523,9.46,100073
Z0059,Village_796,East,2585,9.17,81627
Z0112,Village_797,West,1580,14.69,79664
Z0108,Village_798,West,3690,26.86,56060
Z0112,Village_799,North,4086,6.62,139119
Z0100,Village_800,North,3447,6.32,129079
Z0103,Village_801,West,661,19.98,34226
Z0027,Village_802,North,3759,25.63,130384
Z0085,Village_803,West,3890,6.93,98229
Z0051,Village_804,West,1163,13.36,86077
Z0026,Village_805,North,3474,25.63,30258
Z0044,Village_806,South,931,14.34,25469
Z0023,Village_807,North,4778,23.39,96256
Z0067,Village_808,North,1669,14.29,70288
Z0093,Village_809,West,3310,25.03,95054
Z0037,Village_810,East,1519,12.49,97984
Z0034,Village_811,East,2948,20.94,69811
Z0094,Village_812,South,2510,22.15,50254
Z0043,Village_813,North,2625,23.68,134534
Z0090,Village_814,East,3971,10.07,143379
Z0050,Village_815,East,637,13.36,74220
Z0093,Village_816,East,4196,19.65,117909
Z0072,Village_817,South,3257,17.95,103820
Z0025,Village_818,East,3110,28.52,103369
Z0079,Village_819,West,1046,15.74,101906
Z0019,Village_820,South,2503,25.07,133737
Z0088,Village_821,East,1203,17.07,134245
Z0014,Village_822,North,2125,7.02,35078
Z0016,Village_823,North,3478,15.92,88920
Z0040,Village_824,North,3159,24.14,33493
Z0049,Village_825,West,1185,20.26,57051
Z0095,Village_826,South,2119,21.42,65603
Z0072,Village_827,West,1931,6.43,112573
Z0034,Village_828,East,1865,11.54,20162
Z0007,Village_829,East,2474,27.66,37015
Z0015,Village_830,East,1405,11.8,146133
Z0049,Village_831,West,2514,16.24,52972
Z0037,Village_832,East,1081,6.63,116044
Z0058,Village_833,East,2219,6.16,60785
Z0090,Village_834,West,2797,19.05,35892
Z0108,Village_835,North,1189,15.28,117798
Z0048,Village_836,South,3641,27.5,34289
Z0067,Village_837,East,1171,21.59,86707
Z0077,Village_838,West,4226,27.05,85428
Z0063,Village_839,East,1949,25.7,122263
Z0018,Village_840,East,4760,29.53,148081
Z0078,Village_841,North,4152,21.35,54521
Z0110,Village_842,East,2852,16.6,107896
Z0091,Village_843,North,4979,29.18,26588
Z0075,Village_844,West,924,5.55,49300
Z0033,Village_845,North,1394,11.27,149350
Z0028,Village_846,North,1097,19.03,82032
Z0082,Village_847,North,2187,7.87,27521
Z0087,Village_848,North,2590,6.69,64629
Z0029,Village_849,West,4772,18.59,147941
Z0044,Village_850,East,2017,16.46,89184
Z0101,Village_851,North,4088,28.64,131672
Z0029,Village_852,East,3637,7.44,96943
Z0056,Village_853,West,4250,18.64,94071
Z0074,Village_854,West,1110,6.3,120158
Z0033,Village_855,East,3108,10.03,83878
Z0029,Village_856,North,2824,9.12,83870
Z0061,Village_857,South,1591,23.92,50933
Z0099,Village_858,South,3291,26.95,38133
Z0051,Village_859,East,3175,26.76,134586
Z0086,Village_860,West,3548,19.0,138555
Z0001,Village_861,East,2613,6.63,33565
Z0084,Village_862,East,4470,27.73,43648
Z0064,Village_863,South,2077,17.45,41253
Z0105,Village_864,West,2314,25.55,99025
Z0084,Village_865,East,4902,9.89,91947
Z0058,Village_866,North,4157,7.35,71707
Z0036,Village_867,North,975,23.94,77828
Z0075,Village_868,West,2785,18.33,133193
Z0063,Village_869,West,4025,24.83,104742
Z0040,Village_870,West,3424,27.65,99473
Z0017,Village_871,South,2398,29.59,129472
Z0033,Village_872,North,2767,10.05,109087
Z0090,Village_873,East,1112,23.32,37071
Z0095,Village_874,West,4190,12.83,59901
Z0062,Village_875,West,3513,29.19,25906
Z0046,Village_876,North,3091,7.94,83370
Z0107,Village_877,East,4458,29.18,45150
Z0009,Village_878,East,2410,8.06,135357
Z0061,Village_879,South,4864,13.08,53691
Z0038,Village_880,West,1625,29.49,46170
Z0065,Village_881,East,746,8.25,28004
Z0047,Village_882,North,2060,7.33,46819
Z0024,Village_883,East,4364,25.57,44217
Z0108,Village_884,West,3569,23.29,35036
Z0083,Village_885,West,4047,26.45,29587
Z0084,Village_886,West,4057,18.52,50930
Z0076,Village_887,North,3490,21.29,38888
Z0080,Village_888,East,3272,11.36,66037
Z0093,Village_889,East,1654,27.0,79165
Z0043,Village_890,South,1485,11.11,140987
Z0018,Village_891,South,4331,7.18,115648
Z0005,Village_892,North,1480,15.5,129089
Z0091,Village_893,South,4636,23.49,49009
Z0037,Village_894,West,1598,21.28,96975
Z0069,Village_895,North,1395,13.81,92516
Z0106,Village_896,East,2174,26.09,52602
Z0079,Village_897,South,1430,5.78,47516
Z0090,Village_898,South,1589,12.87,30487
Z0081,Village_899,North,655,22.04,96229
Z0041,Village_900,East,4719,29.79,56598
Z0023,Village_901,North,1354,6.93,95330
Z0102,Village_902,East,941,17.82,75077
Z0028,Village_903,West,1836,12.6,129869
Z0092,Village_904,South,959,10.82,118696
Z0024,Village_905,West,4438,6.48,76526
Z0061,Village_906,East,2757,21.27,106661
Z0098,Village_907,North,2954,9.23,103297
Z0035,Village_908,East,3097,10.67,106516
Z0048,Village_909,West,1339,8.22,66738
Z0010,Village_910,West,4417,16.98,128400
Z0043,Village_911,West,780,15.54,81709
Z0020,Village_912,North,4749,29.16,73909
Z0041,Village_913,East,2467,22.69,142477
Z0108,Village_914,South,3446,23.85,44264
Z0061,Village_915,South,2831,5.45,68454
Z0080,Village_916,East,4289,23.17,31002
Z0082,Village_917,North,2031,20.88,76307
Z0108,Village_918,North,4993,10.46,54228
Z0052,Village_919,South,3223,7.41,69437
Z0035,Village_920,East,764,5.31,97175
Z0003,Village_921,South,2262,10.66,112493
Z0080,Village_922,West,2769,19.97,52762
Z0094,Village_923,East,567,26.93,34849
Z0078,Village_924,East,4508,29.73,90910
Z0058,Village_925,North,3024,25.95,71631
Z0053,Village_926,South,2193,15.73,86314
Z0076,Village_927,East,2085,19.33,69812
Z0068,Village_928,North,1848,11.31,64900
Z0060,Village_929,West,2486,17.21,92692
Z0109,Village_930,South,2544,18.13,116136
Z0089,Village_931,North,1558,25.73,69879
Z0005,Village_932,North,3027,19.29,109388
Z0062,Village_933,South,842,15.76,112491
Z0071,Village_934,South,4159,16.61,69678
Z0051,Village_935,East,2396,13.52,147795
Z0047,Village_936,East,905,20.18,109906
Z0077,Village_937,North,2073,19.79,138428
Z0032,Village_938,North,4774,10.94,37862
Z0052,Village_939,North,2895,7.61,107445
Z0027,Village_940,South,1078,21.31,20193
Z0067,Village_941,East,2507,20.02,31190
Z0011,Village_942,West,2292,11.72,105925
Z0050,Village_943,West,2761,11.36,46512
Z0045,Village_944,West,4857,6.14,60583
Z0106,Village_945,West,3951,16.74,131032
Z0056,Village_946,North,2640,16.82,115074
Z0002,Village_947,South,641,20.27,76044
Z0013,Village_948,North,2596,5.19,78557
Z0024,Village_949,South,1659,5.92,123291
Z0110,Village_950,South,840,15.96,37087
Z0070,Village_951,East,4913,14.92,85333
Z0056,Village_952,West,2929,11.95,25463
Z0092,Village_953,South,1355,18.29,64602
Z0047,Village_954,North,682,26.86,90028
Z0017,Village_955,North,2017,29.82,103276
Z0052,Village_956,South,2674,11.87,81440
Z0014,Village_957,East,3739,15.55,64363
Z0074,Village_958,North,3504,22.85,129835
Z0012,Village_959,South,3811,12.42,84089
Z0010,Village_960,North,1487,25.53,57383
Z0056,Village_961,West,673,6.28,55820
Z0017,Village_962,West,1226,6.01,87411
Z0106,Village_963,North,4533,21.63,23744
Z0016,Village_964,North,3186,21.57,149508
Z0050,Village_965,West,2274,15.47,98931
Z0039,Village_966,South,4308,15.11,44306
Z0015,Village_967,East,3202,23.75,91425
Z0029,Village_968,East,4368,21.97,71649
Z0078,Village_969,North,2342,19.84,148265
Z0051,Village_970,South,1409,20.9,96917
Z0062,Village_971,South,1270,23.1,80058
Z0108,Village_972,North,4085,18.25,53154
Z0072,Village_973,West,3921,8.55,98928
Z0045,Village_974,South,4508,15.55,137154
Z0053,Village_975,West,2782,17.15,109900
Z0013,Village_976,East,2498,6.09,94964
Z0021,Village_977,South,4644,10.4,125368
Z0100,Village_978,North,1931,21.31,120123
Z0077,Village_979,South,2824,22.31,148657
Z0008,Village_980,South,3158,6.94,120424
Z0011,Village_981,East,4520,26.54,82493
Z0100,Village_982,South,3759,10.66,120127
Z0077,Village_983,East,1974,16.25,72395
Z0040,Village_984,West,3634,7.47,35434
Z0110,Village_985,East,2541,14.25,86677
Z0086,Village_986,North,2135,14.82,128439
Z0018,Village_987,East,3861,9.17,96708
Z0037,Village_988,East,506,8.56,111703
Z0103,Village_989,South,3764,28.67,91442
Z0006,Village_990,West,3773,21.15,22011
Z0047,Village_991,North,1942,13.52,132094
Z0014,Village_992,South,4046,15.24,147792
Z0111,Village_993,East,3428,21.93,42852
Z0075,Village_994,South,1429,26.04,111575
Z0035,Village_995,South,3775,18.99,37438
Z0042,Village_996,East,2400,29.3,27069
Z0032,Village_997,North,1899,29.44,113762
Z0055,Village_998,North,1678,10.22,57226
Z0018,Village_999,North,1757,14.89,38693
Z0060,Village_1000,South,1410,17.2,73161
Z0080,Village_1001,North,2669,7.9,91849
Z0049,Village_1002,South,623,12.85,47734
Z0026,Village_1003,West,1285,25.67,38800
Z0003,Village_1004,West,1296,12.21,83918
Z0082,Village_1005,West,2436,14.64,125455
Z0093,Village_1006,West,1801,18.54,23236
Z0053,Village_1007,West,2852,18.31,28556
Z0053,Village_1008,North,2890,16.01,132169
Z0073,Village_1009,North,1877,11.48,76882
Z0019,Village_1010,South,840,13.56,82443
Z0104,Village_1011,South,2056,29.16,20358
Z0049,Village_1012,West,2022,9.13,50654
Z0043,Village_1013,East,1803,29.99,57772
Z0077,Village_1014,East,1634,25.42,33283
Z0086,Village_1015,South,3670,27.01,120455
Z0018,Village_1016,South,1737,19.23,125209
Z0082,Village_1017,South,3334,10.03,134516
Z0100,Village_1018,East,3067,5.99,110768
Z0003,Village_1019,North,3160,18.58,138418
Z0041,Village_1020,West,2546,29.1,21140
Z0029,Village_1021,West,766,13.84,23630
Z0046,Village_1022,South,3711,5.95,64789
Z0109,Village_1023,East,2010,8.12,111088
Z0052,Village_1024,West,1707,11.89,86093
Z0010,Village_1025,South,1382,16.57,80011
Z0086,Village_1026,South,2110,10.08,99063
Z0040,Village_1027,South,2954,14.66,82154
Z0002,Village_1028,East,3308,14.06,56304
Z0011,Village_1029,East,4302,15.19,38354
Z0028,Village_1030,South,4322,19.34,118668
Z0084,Village_1031,West,4758,10.01,68456
Z0022,Village_1032,South,2363,26.35,28016
Z0014,Village_1033,East,2884,26.17,122239
Z0026,Village_1034,West,2990,5.77,45518
Z0061,Village_1035,East,2224,28.16,71919
Z0053,Village_1036,North,1637,16.92,56188
Z0097,Village_1037,East,4406,22.31,42313
Z0048,Village_1038,East,2867,12.48,71151
Z0009,Village_1039,South,1727,25.11,72887
Z0089,Village_1040,South,1195,18.21,142589
Z0048,Village_1041,South,3734,29.95,30503
Z0097,Village_1042,South,3341,25.71,31590
Z0084,Village_1043,South,1041,5.36,86624
Z0110,Village_1044,West,3863,25.85,140832
Z0088,Village_1045,North,3458,8.57,62727
Z0072,Village_1046,South,2735,21.46,31390
Z0020,Village_1047,West,756,26.15,95969
Z0051,Village_1048,West,3675,14.98,41281
Z0045,Village_1049,North,913,5.61,86634
Z0068,Village_1050,West,3926,18.73,61869
Z0106,Village_1051,South,687,19.43,30207
Z0019,Village_1052,South,2592,28.88,123546
Z0061,Village_1053,West,857,12.49,100807
Z0106,Village_1054,North,2922,26.05,76699
Z0083,Village_1055,North,1997,15.07,30350
Z0011,Village_1056,North,3055,26.59,88487
Z0031,Village_1057,West,1738,28.23,73117
Z0092,Village_1058,South,1550,5.55,43782
Z0103,Village_1059,West,2088,26.06,149936
Z0048,Village_1060,West,936,5.84,142258
Z0048,Village_1061,North,4358,21.2,133365
Z0006,Village_1062,East,2884,22.99,108607
Z0022,Village_1063,West,2089,6.79,20159
Z0056,Village_1064,East,4453,11.05,124859
Z0050,Village_1065,South,1511,12.58,117102
Z0042,Village_1066,West,2807,8.57,91126
Z0005,Village_1067,South,1535,17.42,32237
Z0021,Village_1068,North,4949,23.04,27016
Z0040,Village_1069,West,1764,17.78,51897
Z0026,Village_1070,South,2309,11.9,46917
Z0052,Village_1071,South,3914,19.58,99623
Z0028,Village_1072,North,2937,11.17,143768
Z0026,Village_1073,North,1167,7.55,39008
Z0011,Village_1074,West,4732,26.07,122827
Z0091,Village_1075,East,1318,15.85,22224
Z0028,Village_1076,South,697,14.43,140779
Z0061,Village_1077,North,3992,7.9,126966
Z0111,Village_1078,West,2448,14.69,112122
Z0072,Village_1079,South,4300,22.6,147881
Z0050,Village_1080,East,4618,11.36,118538
Z0038,Village_1081,North,1428,11.96,118826
Z0102,Village_1082,South,4023,22.56,95357
Z0001,Village_1083,East,1816,6.2,37508
Z0062,Village_1084,West,3087,26.65,86914
Z0102,Village_1085,East,3874,7.77,126239
Z0079,Village_1086,South,726,14.25,94619
Z0058,Village_1087,North,4572,9.65,47364
Z0045,Village_1088,South,896,15.39,100769
Z0057,Village_1089,North,4924,26.74,138581
Z0023,Village_1090,South,2505,10.39,96396
Z0077,Village_1091,South,2378,20.19,77505
Z0014,Village_1092,East,4476,8.42,142118
Z0034,Village_1093,West,1439,14.88,67591
Z0057,Village_1094,South,1961,19.48,80948
Z0095,Village_1095,West,3823,6.08,136236
Z0075,Village_1096,North,2596,7.79,119977
Z0082,Village_1097,East,2600,22.2,48172
Z0055,Village_1098,South,4248,27.78,56609
Z0094,Village_1099,East,2505,22.73,122797
Z0053,Village_1100,East,1174,17.32,120462
Z0079,Village_1101,East,3161,18.27,56021
Z0086,Village_1102,East,4766,26.94,21401
Z0051,Village_1103,South,3759,14.94,64864
Z0087,Village_1104,West,4423,16.37,63791
Z0067,Village_1105,East,4258,10.5,97403
Z0014,Village_1106,East,3245,26.43,52245
Z0110,Village_1107,North,4264,6.91,71374
Z0093,Village_1108,East,3292,8.01,101029
Z0080,Village_1109,South,3962,5.44,37908
Z0076,Village_1110,West,532,23.48,137254
Z0045,Village_1111,North,3303,21.05,26155
Z0097,Village_1112,North,1219,12.5,40963
Z0037,Village_1113,West,1472,29.35,84110
Z0069,Village_1114,West,4902,5.59,24426
Z0030,Village_1115,East,4820,20.15,48151
Z0042,Village_1116,South,3616,14.95,143523
Z0036,Village_1117,West,694,22.75,22204
Z0089,Village_1118,East,3157,20.08,72428
Z0070,Village_1119,East,1602,6.49,69067
Z0004,Village_1120,East,1741,19.56,41607
